Top pages,Clicks,Impressions,CTR,Position
https://coolcallpro.com/locations/minneapolis-mn.html,0,2416,0%,64.25
https://coolcallpro.com/locations/chicago-il,0,888,0%,73.18
https://coolcallpro.com/locations/portland-or,0,874,0%,21.64
https://coolcallpro.com/article-hvac-financing,0,785,0%,61.66
https://coolcallpro.com/locations/new-orleans-la,0,729,0%,38.81
https://coolcallpro.com/locations/san-diego-ca,0,700,0%,33.37
https://coolcallpro.com/locations/minneapolis-mn,0,597,0%,46.67
https://coolcallpro.com/locations/houston-tx,0,576,0%,40.13
https://coolcallpro.com/locations/phoenix-az,0,469,0%,37.07
https://coolcallpro.com/locations/st-louis-mo.html,0,371,0%,22.04
https://coolcallpro.com/locations/san-antonio-tx,0,371,0%,35.2
https://coolcallpro.com/locations/atlanta-ga,0,363,0%,45.82
https://coolcallpro.com/locations/louisville-ky,0,304,0%,32.59
https://coolcallpro.com/locations/sacramento-ca,0,297,0%,24.7
https://coolcallpro.com/article-hvac-financing.html,0,227,0%,10.11
https://coolcallpro.com/locations/denver-co,0,217,0%,37.08
https://coolcallpro.com/locations/philadelphia-pa,0,215,0%,55.08
https://coolcallpro.com/costs,0,176,0%,20.22
https://coolcallpro.com/locations/washington-dc,0,134,0%,38.28
https://coolcallpro.com/locations/tucson-az,0,127,0%,38.76
https://coolcallpro.com/locations/tulsa-ok,0,125,0%,29.69
https://coolcallpro.com/locations/albuquerque-nm,0,110,0%,27.72
https://coolcallpro.com/locations/indianapolis-in,0,102,0%,49.82
https://coolcallpro.com/locations/columbus-oh,0,91,0%,65.55
https://coolcallpro.com/locations/seattle-wa,0,90,0%,38.06
https://coolcallpro.com/locations/sioux-falls-sd,0,82,0%,31.33
https://coolcallpro.com/locations/greenville-sc,0,77,0%,31.42
https://coolcallpro.com/locations/st-louis-mo,0,64,0%,21.36
https://coolcallpro.com/locations/bridgeport-ct,0,55,0%,19.16
https://coolcallpro.com/article-furnace,0,54,0%,55.69
https://coolcallpro.com/article-emergency,0,53,0%,23
https://coolcallpro.com/locations/toledo-oh,0,53,0%,61.75
https://coolcallpro.com/locations/syracuse-ny,0,51,0%,22.18
https://coolcallpro.com/locations/baltimore-md,0,45,0%,59.51
https://coolcallpro.com/article-carbon-monoxide,0,43,0%,36.02
https://coolcallpro.com/locations/nashville-tn,0,40,0%,37.08
https://coolcallpro.com/article-maintenance,0,35,0%,6.17
https://coolcallpro.com/contact,0,35,0%,97.14
https://coolcallpro.com/locations/jacksonville-fl,0,34,0%,54.24
https://coolcallpro.com/locations/fort-wayne-in,0,29,0%,39.72
https://coolcallpro.com/locations/lubbock-tx,0,28,0%,45
https://coolcallpro.com/,0,27,0%,11.3
https://coolcallpro.com/locations/columbia-sc.html,0,27,0%,33.78
https://coolcallpro.com/locations/alabama,0,27,0%,65.81
https://coolcallpro.com/article-ac-summer,0,24,0%,21.54
https://coolcallpro.com/locations/tennessee,0,24,0%,60.79
https://coolcallpro.com/locations/reno-nv,0,23,0%,38.43
https://coolcallpro.com/locations/cleveland-oh,0,22,0%,33.32
https://coolcallpro.com/locations/kansas,0,22,0%,40.05
https://coolcallpro.com/locations/rapid-city-sd,0,22,0%,63.32
https://coolcallpro.com/locations/san-francisco-ca,0,21,0%,42.81
https://coolcallpro.com/locations/oklahoma,0,20,0%,64.5
https://coolcallpro.com/locations,0,19,0%,4.16
https://coolcallpro.com/locations/new-york-city-ny,0,19,0%,44.68
https://coolcallpro.com/locations/cheyenne-wy,0,16,0%,9.5
https://coolcallpro.com/article-spring-ac.html,0,16,0%,11.81
https://coolcallpro.com/article-heat-pump,0,14,0%,63.14
https://coolcallpro.com/locations/mesa-az,0,13,0%,20.54
https://coolcallpro.com/locations/louisiana,0,13,0%,40.85
https://coolcallpro.com/locations/fort-worth-tx,0,13,0%,72
https://coolcallpro.com/locations/new-jersey,0,13,0%,82.62
https://coolcallpro.com/safety,0,11,0%,7
https://coolcallpro.com/about,0,11,0%,7.09
https://coolcallpro.com/locations/virginia,0,11,0%,59.45
https://coolcallpro.com/locations/maryland,0,11,0%,62.36
https://coolcallpro.com/article-spring-ac,0,10,0%,7.9
https://coolcallpro.com/locations/lincoln-ne,0,10,0%,30
https://coolcallpro.com/locations/south-carolina,0,10,0%,71.6
https://coolcallpro.com/locations/florida,0,10,0%,80.4
https://coolcallpro.com/locations/columbia-sc,0,9,0%,26.89
https://coolcallpro.com/locations/lincoln-ne.html,0,9,0%,31.56
https://coolcallpro.com/locations/indiana,0,8,0%,62
https://coolcallpro.com/locations/bangor-me,0,7,0%,15.57
https://coolcallpro.com/locations/new-hampshire,0,7,0%,18.43
https://coolcallpro.com/author-gyanesh,0,6,0%,11.83
https://coolcallpro.com/locations/texas,0,6,0%,41.67
https://coolcallpro.com/locations/california,0,6,0%,90.83
https://coolcallpro.com/locations/miami-fl,0,5,0%,13.2
https://coolcallpro.com/locations/brownsville-tx,0,5,0%,13.6
https://coolcallpro.com/locations/brownsville-tx.html,0,5,0%,61.4
https://coolcallpro.com/about.html,0,5,0%,103
https://coolcallpro.com/article-maintenance.html,0,4,0%,6
https://coolcallpro.com/article-refrigerant,0,4,0%,8.25
https://coolcallpro.com/locations/lubbock-tx.html,0,4,0%,24
https://coolcallpro.com/locations/new-jersey.html,0,4,0%,50.25
https://coolcallpro.com/locations/illinois,0,4,0%,62.75
http://coolcallpro.com/,0,3,0%,1
https://coolcallpro.com/locations/mesa-az.html,0,3,0%,6
https://coolcallpro.com/safety.html,0,3,0%,7
https://coolcallpro.com/article-winter-storm,0,3,0%,8.33
https://coolcallpro.com/locations/pittsburgh-pa.html,0,3,0%,8.33
https://coolcallpro.com/locations/pittsburgh-pa,0,3,0%,28.33
https://coolcallpro.com/locations/vermont,0,2,0%,5.5
https://coolcallpro.com/locations/kentucky.html,0,2,0%,6
https://coolcallpro.com/locations/pennsylvania,0,2,0%,16
https://coolcallpro.com/locations/bismarck-nd,0,2,0%,17.5
https://coolcallpro.com/locations/fort-wayne-in.html,0,2,0%,29
https://coolcallpro.com/locations/minnesota,0,2,0%,43.5
https://coolcallpro.com/locations/wisconsin,0,2,0%,48
https://coolcallpro.com/locations/nebraska.html,0,1,0%,4
https://coolcallpro.com/locations/connecticut,0,1,0%,7
https://coolcallpro.com/locations/nebraska,0,1,0%,10
https://coolcallpro.com/locations/kentucky,0,1,0%,24