Top queries,Clicks,Impressions,CTR,Position
emergency ac repair,0,536,0%,51.62
emergency hvac service,0,488,0%,23.67
emergency air conditioner repair,0,361,0%,59.78
hvac emergency repair,0,257,0%,17.33
24 hour hvac repair,0,229,0%,15.93
emergency air conditioning repair,0,222,0%,47.9
emergency ac service,0,220,0%,37.92
24 hour ac repair,0,219,0%,50.09
emergency hvac repair,0,207,0%,18.57
emergency air conditioning service,0,204,0%,35.02
emergency hvac service near me,0,179,0%,19.45
hvac emergency service,0,177,0%,19.92
hvac financing,0,166,0%,81.51
emergency ac services,0,155,0%,27.54
emergency hvac services,0,147,0%,20.46
emergency furnace repair,0,126,0%,21.4
furnace repair philadelphia,0,122,0%,63.61
24 hour hvac repair near me,0,106,0%,23.16
24 hour heating and cooling chicago,0,103,0%,62.75
ac repair emergency,0,100,0%,24.71
emergency ac repair near me,0,95,0%,23.42
24 hour furnace repair,0,92,0%,43
emergency hvac,0,88,0%,18.17
24 hour heating repair,0,85,0%,55.86
emergency ac repairs,0,71,0%,19.65
furnace repair chicago,0,70,0%,66.96
24 hour ac repair near me,0,69,0%,35.8
hvac emergency repair near me,0,65,0%,14.09
ac emergency repair,0,62,0%,19.87
emergency heating repair chicago,0,61,0%,87.36
emergency ac repair san antonio,0,57,0%,78.88
24 hour air conditioning repair,0,56,0%,54.91
emergency hvac repair chicago,0,56,0%,86.75
furnace financing,0,54,0%,83.31
emergency heating service,0,53,0%,22.36
after hours ac repair,0,53,0%,77.77
emergency heating repair,0,52,0%,14.29
furnace service chicago,0,49,0%,73.76
same day ac repair,0,48,0%,39.06
furnace repair service chicago il,0,47,0%,72.81
24 hour hvac service,0,44,0%,14.84
24 hour ac installation,0,43,0%,72.44
24/7 furnace repair,0,42,0%,13.26
24hr furnace installation,0,42,0%,61.24
financing for hvac,0,42,0%,81.14
hvac repair emergency,0,41,0%,22.95
emergency heating and cooling,0,40,0%,20.95
emergency hvac repair dc metro area,0,40,0%,75.08
financing hvac,0,40,0%,81.4
24 hour ac repair houston,0,39,0%,84.51
ac service emergency,0,38,0%,87
best financing options for new ac unit installation 2026,0,37,0%,6.05
same day hvac service,0,37,0%,45.65
furnace maintenance lincoln park,0,37,0%,68.49
chicago furnace tune up,0,36,0%,83.5
24 hour air conditioning service,0,32,0%,26.41
24/7 ac repair,0,30,0%,18.53
emergency ac repair service,0,30,0%,69.1
24hr furnace repair,0,30,0%,74.63
emergency hvac repair services,0,28,0%,18.04
emergency ac service near me,0,28,0%,23.61
same day hvac repair,0,28,0%,43.21
emergency hvac service columbus,0,28,0%,72.71
hvac repair minneapolis,0,28,0%,73.39
24 hour furnace repair near me,0,27,0%,27.56
24 hours ac repair,0,27,0%,42.81
emergency ac repair chicago,0,27,0%,86.33
24/7 ac service,0,26,0%,22
24 hour emergency ac repair,0,26,0%,60.23
heating and cooling emergency,0,26,0%,67.73
hvac replacement financing,0,26,0%,69.58
emergency hvac chicago,0,26,0%,85.88
same day heating repair,0,25,0%,29.84
emergency air conditioner service,0,25,0%,73.24
24 hour ac repair columbus,0,25,0%,78.4
hvac 24 hour service,0,24,0%,24.42
24 hour heating service near me,0,24,0%,26.79
emergency hvac repair near me,0,24,0%,29.46
24 hour hvac,0,23,0%,27.35
24 hour emergency furnace repair near me,0,23,0%,35.43
hvac service call,0,23,0%,55.91
weekend air conditioner repair,0,23,0%,67.96
ac repair minneapolis,0,23,0%,69.26
24 hour heating maintenance,0,23,0%,80.91
24 hour heating and air conditioning repair,0,22,0%,44.59
24 hour emergency heating service,0,22,0%,48.86
furnace repair emergency,0,21,0%,14.19
24 hour heating and air conditioning repair near me,0,21,0%,43
24 7 ac service,0,21,0%,57.24
24 7 hvac service,0,20,0%,18.2
24 hour heating repair near me,0,20,0%,18.3
emergency furnace repair near me,0,20,0%,46.3
24 hour ac,0,20,0%,62.4
hvac service,0,19,0%,17.37
hvac service 24 7,0,19,0%,18.58
furnace repair minneapolis,0,19,0%,77.05
hvac financing options,0,19,0%,77.89
24 hour furnace repair chicago,0,19,0%,77.95
financing for hvac replacement,0,19,0%,78.11
emergency ac repair san diego,0,19,0%,83.53
emergency ac repair phoenix,0,19,0%,89.63
local contractors certified for furnace repairs,0,18,0%,10.61
24/7 emergency hvac service,0,18,0%,19.67
24 7 hvac repair,0,17,0%,15.88
heating and cooling 24 hours,0,17,0%,21.76
24 hour furnace service,0,17,0%,22
24/7 hvac repair,0,17,0%,22
hvac emergency,0,17,0%,44.06
hvac call center,0,17,0%,73.24
air conditioning financing,0,17,0%,80.24
heating service call,0,17,0%,83.94
same day air conditioning repair,0,16,0%,28.31
hvac maintenance in uptown new orleans,0,16,0%,30.69
furnace repair chicago il,0,16,0%,65.62
chicago furnace repair,0,16,0%,67.75
emergency ac repair columbus,0,16,0%,74.5
who to call for furnace repair,0,16,0%,76.12
san antonio emergency ac repair,0,16,0%,82.81
emergency a/c repair,0,15,0%,13.53
24 hr ac repair,0,15,0%,23.4
emergency air conditioning,0,15,0%,37.33
emergency heating service near me,0,15,0%,40.6
24 hour air conditioning service near me,0,15,0%,52.2
24 hour ac maintenance,0,15,0%,83.27
emergency furnace repair chicago,0,15,0%,87.93
24 hour heating service,0,14,0%,18.43
emergency ac repair louisville,0,14,0%,49.57
furnace not igniting,0,14,0%,62.64
emergency heating repair portland or,0,14,0%,72.93
emergency heat pump replacement near me,0,14,0%,73.64
minneapolis hvac repair,0,14,0%,74.43
furnace repair minneapolis mn,0,14,0%,75.93
24 7 ac repair,0,14,0%,79.43
air conditioning emergency,0,14,0%,84.71
24 hvac service near me,0,13,0%,10.38
emergency furnace service,0,13,0%,30.77
emergency furnace repair minneapolis,0,13,0%,54.46
minneapolis furnace repair,0,13,0%,72.46
emergency hvac service san diego,0,13,0%,76.15
financing hvac system,0,13,0%,77.15
emergency hvac repair houston,0,13,0%,80.23
houston emergency hvac repair,0,13,0%,83.69
24 7 emergency residential hvac repair,0,12,0%,17.75
emergency air conditioner repair near me,0,12,0%,30.33
heating repair and replacement program,0,12,0%,35.92
ac tune up near me,0,12,0%,49.33
emergency air conditioning services,0,12,0%,52.08
heat repair chicago,0,12,0%,61.75
emergency heating and cooling near me,0,12,0%,69.5
hvac service calls,0,12,0%,70.25
emergency hvac services near me,0,12,0%,74.42
hvac emergency repair portland,0,12,0%,83.17
24 hour heating replacement,0,12,0%,84.5
new furnace financing,0,12,0%,84.5
24/7 hvac repair services,0,11,0%,12.36
heating service and repair,0,11,0%,18.55
emergency heating services,0,11,0%,31.09
emergency air conditioning repair near me,0,11,0%,34.09
close call hvac,0,11,0%,70.82
heating repair minneapolis,0,11,0%,72.09
furnace installation lincoln park,0,11,0%,72.36
furnace replacement minneapolis,0,11,0%,77.09
furnace installation minneapolis mn,0,11,0%,79.27
emergency ac maintenance,0,11,0%,79.45
san antonio emergency hvac,0,11,0%,81.27
24 hour ac repair san diego,0,11,0%,82.36
emergency hvac san diego,0,11,0%,86.18
24 hour emergency heating repair,0,10,0%,12.5
residential hvac services,0,10,0%,25.7
24/7 hvac service,0,10,0%,25.8
heat pump service,0,10,0%,29.9
same day hvac service near me,0,10,0%,30.3
ac services new orleans la,0,10,0%,67.3
furnace repair baltimore md,0,10,0%,72.3
chicago furnace maintenance,0,10,0%,74.5
furnace installation minneapolis,0,10,0%,81.2
emergency hvac service chicago il,0,10,0%,81.6
emergency hvac services chicago,0,10,0%,87.4
emergency hvac services phoenix az,0,10,0%,89.1
24/7 furnace repair near me,0,9,0%,13.44
ac 24 hour service,0,9,0%,14.56
emergency residential hvac service,0,9,0%,17.22
after hours hvac service,0,9,0%,23.56
emergency heating repair near me,0,9,0%,23.56
heating repair service,0,9,0%,25.11
air conditioner 24 hours service,0,9,0%,27.11
heating repair company,0,9,0%,30.78
emergency air conditioner repair tune-up,0,9,0%,38.67
24/7 hvac repair san diego,0,9,0%,57.89
heating financing,0,9,0%,65.11
ac replacement financing,0,9,0%,72.89
heat pump technician,0,9,0%,86.11
hvac after hours answering service,0,9,0%,97.78
24/7 ac repair near me,0,8,0%,13.88
24 hour ac company,0,8,0%,19.25
after hours furnace repair,0,8,0%,19.25
24 hour furnace service near me,0,8,0%,19.88
emergency residential hvac repair,0,8,0%,20.12
hvac repair near me,0,8,0%,20.75
24 hour emergency heating,0,8,0%,23.38
residential emergency hvac service,0,8,0%,23.5
cool pro heating and air,0,8,0%,27
furnace repair sioux falls,0,8,0%,59.38
emergency hvac repair lubbock,0,8,0%,62.5
24/7 heating and cooling,0,8,0%,64.75
air conditioner repair minneapolis mn,0,8,0%,67.38
furnace repair in chicago,0,8,0%,68.12
hvac after hours,0,8,0%,79.88
emergency heating and cooling service,0,8,0%,81.25
hvac loan,0,8,0%,82.12
emergency hvac service chicago,0,8,0%,85.25
hvac emergency service denver co,0,8,0%,86
hvac booking,0,8,0%,94.75
emergency cooling repair,0,7,0%,9.29
24 hour maintenance service,0,7,0%,17.43
24/7 air conditioning service,0,7,0%,17.57
heating and cooling services,0,7,0%,17.57
ac repair tahoe park east,0,7,0%,19
hvac 24 hour emergency service,0,7,0%,19.57
hvac 24 7 service,0,7,0%,29.57
24 hour ac service st louis mo,0,7,0%,34
a/c repair 24 hours,0,7,0%,36.71
24hr ac repair,0,7,0%,43.86
interest free furnace financing,0,7,0%,45.29
ac repair minneapolis mn,0,7,0%,59.57
emergency ac repair lubbock,0,7,0%,63.29
air conditioning service new orleans,0,7,0%,70
heat pump fix,0,7,0%,71.43
emergency air conditioner repair washington dc,0,7,0%,73.29
24-hour emergency heating service,0,7,0%,73.71
24 hour air conditioner service new orleans la,0,7,0%,74.71
hvac services minneapolis,0,7,0%,77.29
24 hour ac repair chicago,0,7,0%,78
air conditioning new orleans la,0,7,0%,81.86
new hvac system financing,0,7,0%,84.14
heat pump financing,0,7,0%,84.29
emergency heating repair phoenix az,0,7,0%,92.14
emergency furnace repair phoenix,0,7,0%,92.43
emergency ac repair houston,0,7,0%,92.71
emergency hvac services phoenix,0,7,0%,93.57
24 hour ac repair phoenix,0,7,0%,97.43
5 red flags that indicate your hvac system needs expert attention,0,7,0%,97.71
24/7 heating repair,0,6,0%,13.83
emergency hvac repair service,0,6,0%,15
heating and cooling service,0,6,0%,17.5
mini split service near me,0,6,0%,20.33
24 hour ac service,0,6,0%,20.5
best heating repair near me,0,6,0%,32.83
heating repair companies,0,6,0%,33.17
emergency ac repair near french quarter new orleans,0,6,0%,33.33
emergency ac repair in louisville ky,0,6,0%,34
boiler heating system repair near me,0,6,0%,37.33
emergency heating repair service,0,6,0%,37.33
curtis park hvac contractor,0,6,0%,37.5
24 hour heating services,0,6,0%,38.17
home heating repair service near me,0,6,0%,39.83
may heating and air conditioning near me,0,6,0%,42.5
best hvac service near me,0,6,0%,44.67
air conditioning service near me,0,6,0%,47.5
ac service call,0,6,0%,54
24 hr air conditioning service,0,6,0%,57.83
furnace maintenance sioux falls,0,6,0%,58.83
furnace repair toledo,0,6,0%,59.5
affordable furnace repair,0,6,0%,60.17
heat pump service near me,0,6,0%,65.67
24 hour hvac repair st louis,0,6,0%,68.5
24 hour air conditioning,0,6,0%,68.67
professional furnace service,0,6,0%,72.17
hvac financing rates,0,6,0%,72.5
furnace replacement toledo,0,6,0%,72.83
heat contractor,0,6,0%,74
local emergency ac repair,0,6,0%,75.67
furnace service minneapolis,0,6,0%,76.33
hvac contractor minneapolis,0,6,0%,76.33
financing hvac systems,0,6,0%,76.83
hvac financing deals,0,6,0%,77.5
emergency ac repair tulsa oklahoma,0,6,0%,80
24 hour ac repair tulsa oklahoma,0,6,0%,82.67
same-day hvac service,0,6,0%,83.67
hvac service call price,0,6,0%,86.33
24 hour emergency hvac repair,0,6,0%,92.5
coolcall,0,5,0%,5
emergency ac repair post oak forest tx,0,5,0%,9.6
ac repair sylvan park tn,0,5,0%,10.2
24 hr hvac repair near me,0,5,0%,14
24 hour air conditioning & heating,0,5,0%,14.2
hvac contractor,0,5,0%,15.6
hvac services,0,5,0%,16.6
24/7 emergency hvac,0,5,0%,16.8
heating contractor,0,5,0%,17.8
ac emergency service,0,5,0%,20.8
furnace repair near me,0,5,0%,21.2
24 7 hvac service near me,0,5,0%,23
local heating and cooling repair,0,5,0%,23.2
local heating and air repair,0,5,0%,24.8
24 7 heating and cooling near me,0,5,0%,26
locally owned furnace repair,0,5,0%,26
cooling and heating repair near me,0,5,0%,30.2
residential hvac emergency service,0,5,0%,30.4
hvac maintenance service near me,0,5,0%,33.4
furnace repair roxborough,0,5,0%,34
ac repair near me 24/7 louisville,0,5,0%,34.4
service experts heating & air conditioning,0,5,0%,35.4
best hvac repair service near me,0,5,0%,42.2
air condition service near me,0,5,0%,43.8
24-hour furnace repair minneapolis,0,5,0%,45.8
hvac services lakeview la,0,5,0%,46.6
air conditioning emergency repair,0,5,0%,51.6
furnace repair 24 hour,0,5,0%,54.4
ac maintenance columbia,0,5,0%,58.8
air conditioner repair minneapolis,0,5,0%,61
heat and cool chicago,0,5,0%,63.4
furnace repair service near me,0,5,0%,64.6
heating and cooling service near me,0,5,0%,67.8
24 hour hvac answering service,0,5,0%,69.8
emergency ac repair toledo,0,5,0%,74
ac replacement kansas,0,5,0%,76.4
emergency furnace replacement chicago il,0,5,0%,77
emergency hvac repair san diego ca,0,5,0%,79
after hours ac service,0,5,0%,79.8
24 hour hvac repair denver,0,5,0%,80.6
24-hour ac repair,0,5,0%,80.6
local hvac contractors minneapolis mn,0,5,0%,80.8
furnace maintenance minneapolis,0,5,0%,82
emergency ac repair denver,0,5,0%,82.2
air conditioner services alabama,0,5,0%,84
24 hour ac repair denver,0,5,0%,84.4
emergency furnace repair denver co,0,5,0%,84.4
furnace replacement financing,0,5,0%,85
after hours air conditioning service,0,5,0%,85.4
emergency heating repair atlanta,0,5,0%,85.8
carbon monoxide from heater,0,5,0%,86.8
emergency heating repair san diego,0,5,0%,87.8
emergency a c repair phoenix,0,5,0%,89
financing hvac replacement,0,5,0%,91.6
emergency air heating and cooling new orleans la,0,5,0%,93.8
24 hour ac repair service,0,5,0%,94.4
local certified furnace repair contractors,0,4,0%,7.25
24 hour air conditioner service near me,0,4,0%,11
ac contractor curtis park,0,4,0%,12
hvac company curtis park,0,4,0%,12.75
24 hour air conditioner repair,0,4,0%,14.5
24-hour hvac service,0,4,0%,15
24/7 hvac repair near me,0,4,0%,15.25
+ac repair+24 hr,0,4,0%,17.25
heating contractors,0,4,0%,17.5
emergency air conditioning company,0,4,0%,19
furnace repair,0,4,0%,19.75
hvac company closing assistance,0,4,0%,20
residential heating repair,0,4,0%,23.75
hvac contractor bridgeport,0,4,0%,24
heating service repair,0,4,0%,30.5
24/7 air conditioner repair,0,4,0%,31.25
emergency carrier hvac services,0,4,0%,34
furnace repair bridgeport,0,4,0%,35.75
boiler heating repair near me,0,4,0%,36.5
top rated heating and cooling repair near me,0,4,0%,36.5
free diagnostic heating and cooling,0,4,0%,37
best hvac repair near me,0,4,0%,39.75
emergency hvac service toledo ohio,0,4,0%,46
same day ac service,0,4,0%,48.5
heating and air conditioning service near me,0,4,0%,48.75
hvac repair curtis park,0,4,0%,48.75
first call heating & cooling,0,4,0%,49
ac repair casas adobes,0,4,0%,49.25
hvac installation maryland,0,4,0%,54.75
hvac hotline,0,4,0%,55.75
emergency furnace repair st. louis,0,4,0%,59.75
heat pump contractor,0,4,0%,64
furnace ignition failure,0,4,0%,64.75
heating repair chicago,0,4,0%,65.25
furnace repair fort wayne,0,4,0%,67
chicago heating repair,0,4,0%,68
furnace installers minneapolis,0,4,0%,68.5
furnace tune up toledo,0,4,0%,68.75
minneapolis furnace maintenance,0,4,0%,71.25
temporary medical hvac san diego,0,4,0%,72
service call hvac,0,4,0%,72.25
emergency ac repair washington dc,0,4,0%,72.5
hvac fort wayne,0,4,0%,73.75
hvac maintenance plans greenville sc,0,4,0%,74
licensed ac company,0,4,0%,74.5
minneapolis ac repair,0,4,0%,74.5
heating and cooling columbia sc,0,4,0%,75.75
ac installation new orleans la,0,4,0%,76
emergency ac houston,0,4,0%,76.5
hvac loans,0,4,0%,79
emergency ac of houston,0,4,0%,81
furnace installation toledo,0,4,0%,81.5
how much is a hvac service call,0,4,0%,81.5
minneapolis heating and cooling,0,4,0%,81.75
finance new hvac system,0,4,0%,82.25
financing for hvac systems,0,4,0%,83.25
cooling specialist,0,4,0%,83.75
hvac south carolina,0,4,0%,84.5
furnace professional,0,4,0%,85
ac installation casas adobes,0,4,0%,86.5
emergency hvac services houston tx,0,4,0%,90.25
emergency ac repair phoenix az,0,4,0%,91.25
hvac contact,0,4,0%,140.5
best financing options for new air conditioner 2026,0,3,0%,5
independent hvac,0,3,0%,5
home hvac replacement financing options 2026,0,3,0%,6
hvac financing options 2026,0,3,0%,8.33
emergency furnace repair westpark,0,3,0%,9
first call heating and cooling,0,3,0%,11.33
24 hour heating and cooling repair,0,3,0%,11.67
hvac contractor cool,0,3,0%,12
24 hour service air conditioning,0,3,0%,12.33
hvac repair central west end mo,0,3,0%,12.33
24 hour a/c repair,0,3,0%,13.67
24 hour emergency air conditioning service near me,0,3,0%,14
non-commissioned hvac technicians near phoenix az for homeowners,0,3,0%,14
ac repair services central west end mo,0,3,0%,14.33
24 hour ac service near me,0,3,0%,15.67
24 hour air conditioning service mesa az,0,3,0%,16.33
call cool,0,3,0%,16.67
heating emergency service,0,3,0%,17
24 hour heater repair,0,3,0%,17.67
hvac maintenance near me,0,3,0%,17.67
24 7 emergency ac repair,0,3,0%,19.33
24 hour heat pump repair,0,3,0%,19.67
furnace repair neapolis,0,3,0%,21.33
furnace repair technician,0,3,0%,23
emergency air conditioner repair service,0,3,0%,23.33
24 hour hvac near me,0,3,0%,24.33
24-hour heating and air conditioning repair near me,0,3,0%,24.33
24/7 emergency hvac repair,0,3,0%,30.33
cooling and heating repair,0,3,0%,30.33
air conditioning 24 hour service,0,3,0%,31.33
24hr hvac near me,0,3,0%,33.67
hvac free service call with repair atlanta,0,3,0%,38
hvac repair service,0,3,0%,38
emergency ac repair syracuse ny,0,3,0%,41.67
emergency heater repair fort wayne,0,3,0%,43
heating system repair in baton rouge garden district,0,3,0%,43.33
columbus furnace free estimate,0,3,0%,43.67
heating and plumbing repair near me,0,3,0%,44.67
24 hour hvac service edgewater,0,3,0%,45
hvac repair 24 7,0,3,0%,45.67
emergency heating repair minneapolis mn,0,3,0%,46.33
hvac emergency service syracuse,0,3,0%,47
furnace lockout due to no ignition,0,3,0%,47.33
auto heating and air conditioning repair near me,0,3,0%,47.67
cool experts,0,3,0%,48
emergency ac repair university city,0,3,0%,49
air conditioning repair service near me,0,3,0%,49.67
furnace repair casas adobes,0,3,0%,53.67
heat pump contractors,0,3,0%,54
emergency furnace repair toledo,0,3,0%,55.33
24 7 ac repair new orleans la,0,3,0%,57
furnace repair new orleans la,0,3,0%,57.33
hvac service guarantee jacksonville fl,0,3,0%,58
hvac on call,0,3,0%,58.33
furnace is not igniting,0,3,0%,62
ac service new orleans la,0,3,0%,63
furnace repair toledo ohio,0,3,0%,63.33
furnace will not ignite,0,3,0%,63.67
heating service guarantee jacksonville fl,0,3,0%,64.67
emergency ac repair services greenville sc,0,3,0%,65
ac repair near me 24/7 columbus,0,3,0%,66.33
emergency hvac services tucson az,0,3,0%,66.67
24 hr air conditioning repair,0,3,0%,67
furnace installers minneapolis mn,0,3,0%,67
hvac catalina foothills,0,3,0%,68.67
emergency ac repair minneapolis,0,3,0%,69
cooling repair albuquerque,0,3,0%,70
emergency air conditioning repair greenville sc,0,3,0%,70
24 hour hvac service st louis,0,3,0%,70.67
cooling broken,0,3,0%,70.67
hvac emergency repair new orleans,0,3,0%,70.67
emergency air conditioner repair new orleans,0,3,0%,71.33
do most hvac companies offer financing,0,3,0%,71.67
furnace replacement contractor,0,3,0%,71.67
last call hvac,0,3,0%,72.33
home cooling financing,0,3,0%,72.67
hvac new orleans,0,3,0%,72.67
hvac repair minneapolis mn,0,3,0%,73
weekend furnace repair,0,3,0%,73
financing an hvac system,0,3,0%,73.67
heating and cooling financing,0,3,0%,73.67
hvac services new orleans la,0,3,0%,74
philadelphia heating repair service,0,3,0%,74.33
residential air conditioning new orleans la,0,3,0%,75.33
heating and cooling minneapolis,0,3,0%,75.67
hvac installation curtis park,0,3,0%,75.67
home heating financing,0,3,0%,76
hvac service new orleans la,0,3,0%,76
furnace replacement minneapolis mn,0,3,0%,76.67
on call heating and air,0,3,0%,77.33
emergency+air+conditioner+repair,0,3,0%,78
furnace repairs minneapolis mn,0,3,0%,78
emergency air conditioning repair san antonio,0,3,0%,78.33
emergency hvac services chicago il,0,3,0%,79.67
air conditioning replacement financing,0,3,0%,80
furnace services baltimore md,0,3,0%,80
hvac service price list,0,3,0%,80.33
chicago furnace,0,3,0%,81
ac repair 24 7,0,3,0%,81.33
finance new furnace,0,3,0%,81.33
financing new hvac,0,3,0%,81.33
emergency air conditioning service denver co,0,3,0%,81.67
minneapolis hvac services,0,3,0%,81.67
furnace installer minneapolis mn,0,3,0%,82.33
24/7 hvac services,0,3,0%,82.67
emergency furnace repair phoenix az,0,3,0%,83
local hvac company minneapolis mn,0,3,0%,83
cooling services albuquerque,0,3,0%,83.67
emergency hvac denver,0,3,0%,84
hvac emergency repair eden prairie,0,3,0%,84
24 hour aircon service new orleans la,0,3,0%,84.33
furnace install minneapolis mn,0,3,0%,85
furnace minneapolis,0,3,0%,85
24 hour ac unit repair,0,3,0%,85.33
heat pump repair portland or,0,3,0%,85.67
emergency air and heating new orleans la,0,3,0%,87
louisville heat pump service,0,3,0%,87
indianapolis emergency hvac repair,0,3,0%,87.33
hvac emergency repair fort worth,0,3,0%,88
24/7 ac repair south san francisco,0,3,0%,88.33
24 7 furnace repair near me,0,3,0%,88.67
pro cool hvac,0,3,0%,88.67
emergency hvac repair phoenix,0,3,0%,89
heat pump replacement company,0,3,0%,89
24 7 hvac,0,3,0%,90.33
how to finance heating and air conditioning,0,3,0%,90.33
hvac service minnesota,0,3,0%,90.67
emergency heating services denver co,0,3,0%,91
heating and air conditioning minneapolis,0,3,0%,91.33
phoenix emergency ac repair,0,3,0%,91.67
emergency heating services phoenix az,0,3,0%,92.67
emergency hvac repair phoenix az,0,3,0%,93.33
emergency ac repair san diego ca,0,3,0%,100.33
24-hour emergency ac repair,0,2,0%,4
"""tucson electric power"" -site:reddit.com -site:twitter.com -site:x.com 
-site:wykop.pl -site:tripadvisor.com -site:youtube.com -site:yelp.com 
-site:booking.com -site:facebook.com -site:instagram.com -site:tiktok.com",0,2,0%,4.5
best financing options for heat pump installation 2026,0,2,0%,5
best financing options for hvac system replacement 2026,0,2,0%,6.5
emergency furnace repair services 2026,0,2,0%,8.5
24 hour air conditioning repair near me,0,2,0%,10
24 hour emergency furnace repair,0,2,0%,10.5
24 hour heating and cooling near me,0,2,0%,11
24 hour ac unit,0,2,0%,11.5
24 hr ac service,0,2,0%,11.5
24 7 ac repair near me,0,2,0%,12
24/7 aircon service,0,2,0%,13.5
ac repair emergency service,0,2,0%,14
peco heating and air,0,2,0%,14.5
24 hour a c repair,0,2,0%,15
24 hour emergency service ac repair,0,2,0%,15
emergency hvac repair roxborough,0,2,0%,15
24 7 hvac near me,0,2,0%,15.5
hvac maintenance central west end mo,0,2,0%,16
emergency hvac repairs,0,2,0%,16.5
"(""peoples natural gas"" or ""peoples gas"") (""natural gas"" or pipeline or ""gas 
leak"" or outage or safety or explosion or methane or rates or ""rate case"") 
-jobs -job -career -careers -hiring -recruiting -recruiter -intern 
-internship -internships -workday -taleo -lever -greenhouse -indeed 
-linkedin",0,2,0%,17
heating system repair service,0,2,0%,17.5
hvac technician near me,0,2,0%,17.5
furnace repair free estimate,0,2,0%,18
furnace tune up near me,0,2,0%,18
hvac company tahoe park,0,2,0%,18
residential heating services,0,2,0%,19
ac repair algiers la,0,2,0%,20
heating services,0,2,0%,20.5
commercial hvac emergency service,0,2,0%,21.5
emergency commercial hvac repair,0,2,0%,22.5
heating repair near me,0,2,0%,23.5
ac repair near me 24/7 denver,0,2,0%,25
24/7 furnace repair reno,0,2,0%,25.5
furnace installer,0,2,0%,27.5
ac repair near me,0,2,0%,28.5
hvac emergency repair sioux falls,0,2,0%,28.5
emergency air conditioning service near me,0,2,0%,29
heating and cooling repair services,0,2,0%,29
heating repair services,0,2,0%,29
air conditioning maintenance near me,0,2,0%,29.5
furnace installation near me,0,2,0%,30.5
heating replacement near me,0,2,0%,32
emergency ac repair olmos park,0,2,0%,33.5
commercial hvac emergency service company,0,2,0%,34
cooling contractors,0,2,0%,34
heating installation near me,0,2,0%,34.5
heat pump emergency services seattle wa,0,2,0%,35
24 hour ac service 63126,0,2,0%,36
24hr air conditioning repair,0,2,0%,36.5
emergency ac,0,2,0%,38
24 furnace repair,0,2,0%,40
emergency hvac 63126,0,2,0%,40
heat cool chicago,0,2,0%,40
same day air conditioner repair,0,2,0%,40
hvac services in virginia highland,0,2,0%,41.5
ac repair 24 hour,0,2,0%,42.5
24-hour hvac service near me,0,2,0%,43
24 hour air conditoning service sacramento ca,0,2,0%,43.5
emergency heater repair rapid city,0,2,0%,44
24 hour ac repair service near me,0,2,0%,44.5
24 hour hvac service 63126,0,2,0%,44.5
same day carrier ac repair,0,2,0%,44.5
syracuse hvac emergency service,0,2,0%,44.5
24 hour hvac service st louis mo,0,2,0%,45
hvac company lakeview la,0,2,0%,45
hvac tune up near me,0,2,0%,46.5
ac contractors orleans,0,2,0%,47
24 hour ac repair montrose,0,2,0%,48
air conditioning service 24 hours,0,2,0%,48
heating repair roxborough,0,2,0%,48
hvac & roofing emergency calls,0,2,0%,49
24 hour heating company,0,2,0%,49.5
24 hour plumber near me,0,2,0%,49.5
ac repair midtown tulsa ok,0,2,0%,50
commercial air conditioner repair near me,0,2,0%,50
emergency furnace repair portland,0,2,0%,50
furnace repair lincoln,0,2,0%,50
furnace replacement lincoln,0,2,0%,50
heating and cooling rapid city sd,0,2,0%,50
1st call air conditioning,0,2,0%,50.5
ac repair near me 24/7 new york city,0,2,0%,50.5
north park hill furnace repair,0,2,0%,51
24 hour ac repair montrose 77006,0,2,0%,52
24 hr air conditioner repair,0,2,0%,52
hvac contractor orleans,0,2,0%,52
local hvac contractor minneapolis mn,0,2,0%,52.5
24 hour heater repair near me,0,2,0%,53.5
cool professional,0,2,0%,54
hvac emergency service cost,0,2,0%,54
furnace repair tucson az,0,2,0%,54.5
home heating and air rapid city,0,2,0%,54.5
24 hour heating and cooling service near me,0,2,0%,55
air conditioning call center,0,2,0%,55
furnace installation lincoln,0,2,0%,55.5
flame not igniting on furnace,0,2,0%,56.5
furnace repair sioux falls sd,0,2,0%,56.5
affordable furnace repair minneapolis,0,2,0%,57.5
chicago hvac protection,0,2,0%,57.5
uptown heating and cooling minneapolis,0,2,0%,59
furnace repair north philadelphia,0,2,0%,59.5
furnace repair in philadelphia,0,2,0%,60
heater not igniting,0,2,0%,60
heating and air 24 hour service new orleans la,0,2,0%,60
emergency ac repair san antonio tx,0,2,0%,61
emergency ac repair sioux falls,0,2,0%,62
emergency hvac service cost,0,2,0%,62.5
ac repair greenville county sc,0,2,0%,63
furnace repair rittenhouse square,0,2,0%,64
average hvac service call cost,0,2,0%,64.5
pro to call,0,2,0%,64.5
turnkey heating and air,0,2,0%,64.5
furnace repair id,0,2,0%,65
philadelphia furnace repair,0,2,0%,65
automatic climate control rapid city,0,2,0%,65.5
furnace wont ignite,0,2,0%,65.5
heating in chicago,0,2,0%,66
heating maintenance in chicago,0,2,0%,66
emergency heating repair tucson az,0,2,0%,66.5
furnace and ac replacement minneapolis,0,2,0%,66.5
furnace service baltimore md,0,2,0%,67
24 hour ac repair new orleans,0,2,0%,68
air conditioner repair 24 7 new orleans la,0,2,0%,68
furnace repair baltimore,0,2,0%,68
heat pump repair columbia,0,2,0%,68
24 hour furnace repair toledo,0,2,0%,68.5
air conditioner repair after hours,0,2,0%,68.5
furnace does not ignite,0,2,0%,68.5
furnace fails to ignite,0,2,0%,68.5
furnace installation catalina foothills,0,2,0%,68.5
heating service toledo,0,2,0%,68.5
emergency ac repair albuquerque,0,2,0%,69
emergency air conditioner repair in san antonio,0,2,0%,69
emergency ac replacement chicago il,0,2,0%,69.5
furnace replacement casas adobes,0,2,0%,69.5
hvac new orleans la,0,2,0%,69.5
emergency ac repair albuquerque nm,0,2,0%,70
service plus heating & cooling,0,2,0%,70
heating and cooling emergency service,0,2,0%,71
ac service new orleans,0,2,0%,71.5
hvac system financing,0,2,0%,72
residential ac service rapid city,0,2,0%,72
emergency air conditioning repair tucson,0,2,0%,72.5
furnace maintenance minneapolis mn,0,2,0%,72.5
hvac services rapid city,0,2,0%,72.5
sioux falls furnace repair,0,2,0%,72.5
emergency hvac repair tucson az,0,2,0%,73
furnace and ac financing,0,2,0%,73
furnace repair philadelphia pa,0,2,0%,73
louisville cooling replacement,0,2,0%,73
air conditioner replacement financing,0,2,0%,73.5
emergency ac repair san francisco,0,2,0%,73.5
emergency hvac repair albuquerque nm,0,2,0%,73.5
financing a ac unit,0,2,0%,73.5
furnace repair 24 7,0,2,0%,74
mini split repair new orleans la,0,2,0%,74
a c service new orleans,0,2,0%,74.5
why is my furnace turning on but not igniting,0,2,0%,74.5
cooling installation new jersey,0,2,0%,75
financing new hvac system,0,2,0%,75
furnace repair chestnut hill,0,2,0%,75
furnace service minneapolis mn,0,2,0%,75
hvac upgrade services,0,2,0%,75
emergency hvac repair nashville tn,0,2,0%,75.5
hvac minneapolis,0,2,0%,75.5
minneapolis hvac service,0,2,0%,75.5
24 hour maintenance service in minneapolis mn,0,2,0%,76
hvac financing programs,0,2,0%,76
residential ac new orleans la,0,2,0%,76.5
emergency air conditioner repair chicago,0,2,0%,77
emergency hvac contractor denver co,0,2,0%,77
loan for hvac,0,2,0%,77
same day ac repair toledo,0,2,0%,77
call a professional,0,2,0%,77.5
heating and cooling 24 7,0,2,0%,77.5
indianapolis emergency hvac service,0,2,0%,77.5
minneapolis ac service,0,2,0%,77.5
emergency ac new orleans la,0,2,0%,79
emergency ac repair indianapolis in,0,2,0%,79
24 hour ac repair service new orleans la,0,2,0%,79.5
emergency ac repair atlanta,0,2,0%,79.5
emergency ac repair tulsa,0,2,0%,80
emergency furnace repair denver,0,2,0%,80
furnace tune-up in chicago,0,2,0%,80
average price for hvac service call,0,2,0%,80.5
hvac commercial repair near me,0,2,0%,81
licensed heating contractor,0,2,0%,81
ac repair near me free estimate chicago,0,2,0%,81.5
affordable ac repair minneapolis,0,2,0%,81.5
air conditioning services minneapolis,0,2,0%,81.5
ductless ac new orleans la,0,2,0%,81.5
emergency hvac repair sacramento,0,2,0%,81.5
85 heating and cooling,0,2,0%,82
can you finance a furnace,0,2,0%,82
emergency ac repair tucson az,0,2,0%,82
indianapolis emergency air conditioning repair,0,2,0%,82
heating and cooling near me philadelphia,0,2,0%,82.5
hvac financing program,0,2,0%,82.5
emergency cooling service,0,2,0%,83
emergency hvac new caney,0,2,0%,83
emergency hvac repair cambridge,0,2,0%,83
san antonio emergency air conditioning repair,0,2,0%,83
furnace repair catalina az,0,2,0%,83.5
heating financing cost,0,2,0%,83.5
louisville heating free estimate,0,2,0%,84
ac replacement nj,0,2,0%,84.5
who finances hvac systems,0,2,0%,84.5
san diego hvac contractors weekend appointments,0,2,0%,85
emergency ac repair denver co,0,2,0%,85.5
emergency furnace repair service,0,2,0%,85.5
24-hour ac repair minneapolis,0,2,0%,86
emergency ac repair st. louis,0,2,0%,86
emergency hvac repair cleveland,0,2,0%,86
heating service in new jersey,0,2,0%,86
24 hour ac service new orleans la,0,2,0%,86.5
"cooling services seattle, wa",0,2,0%,86.5
hvac sizing services california,0,2,0%,86.5
new orleans hvac,0,2,0%,86.5
24-hour furnace repair,0,2,0%,87
cost for hvac service call,0,2,0%,87
emergency ac repair new orleans la,0,2,0%,87
community air conditioning repair,0,2,0%,87.5
emergency ac repair chicago il,0,2,0%,87.5
financing for hvac with bad credit,0,2,0%,87.5
heat pump repair tulsa oklahoma,0,2,0%,87.5
heating service call cost,0,2,0%,87.5
hvac emergency repair cleveland,0,2,0%,87.5
hvac emergency repair san antonio,0,2,0%,87.5
same day furnace repair columbus,0,2,0%,87.5
ac unit financing,0,2,0%,88
emergency air conditioning repair nashville tn,0,2,0%,88
professional cooling services,0,2,0%,88
24 hour hvac chicago,0,2,0%,88.5
heat pump replacement nashville tn,0,2,0%,88.5
30a hvac installers,0,2,0%,89
emergency hvac repair indianapolis in,0,2,0%,89
home heating estimate service,0,2,0%,90
indianapolis hvac free estimate,0,2,0%,90.5
heat pump service louisville,0,2,0%,91
how to finance an hvac,0,2,0%,91
hvac in new jersey,0,2,0%,91
air conditioner financing,0,2,0%,91.5
commercial hvac emergency repair ft. worth,0,2,0%,91.5
how much is a service call for a furnace,0,2,0%,91.5
hvac services in florida,0,2,0%,91.5
licensed hvac professionals for residential service,0,2,0%,92.5
24 hour emergency hvac service new orleans la,0,2,0%,93
emergency ac fix,0,2,0%,93
emergency hvac new orleans la,0,2,0%,93
ac emergency services,0,2,0%,94.5
ac repair near me minneapolis,0,2,0%,94.5
emergency furnace repair northfield,0,2,0%,94.5
home heating and cooling maintenance minneapolis,0,2,0%,95
air conditioning repair emergency,0,2,0%,95.5
emergency commercial hvac service,0,2,0%,96.5
heating and cooling emergency repair,0,2,0%,96.5
hvac services california,0,2,0%,97
ac maintenance memberships fort worth,0,2,0%,98
louisville air conditioner free estimate,0,2,0%,98.5
residential hvac services new jersey,0,2,0%,99.5
tennessee hvac,0,2,0%,118.5
emergency hvac and plumbing repairs,0,2,0%,137.5
cool heating & a/c repair llc official website,0,1,0%,1
"""british dsire"" -site:reddit.com -site:twitter.com -site:x.com 
-site:wykop.pl -site:tripadvisor.com -site:youtube.com -site:yelp.com 
-site:booking.com -site:facebook.com -site:instagram.com -site:tiktok.com",0,1,0%,2
24/7 emergency hvac repair near me,0,1,0%,2
local hvac emergency service with no-pressure pricing,0,1,0%,2
24/7 emergency furnace repair near me,0,1,0%,4
24/7 emergency heater service near me,0,1,0%,4
best financing options for new ac installation 2026,0,1,0%,4
emergency ac repair near me open 24/7,0,1,0%,4
cool ac repair,0,1,0%,5
first call air conditioning,0,1,0%,5
24/7 emergency commercial hvac service near me,0,1,0%,6
hvac replacement financing options 2026,0,1,0%,6
24 hr hvac,0,1,0%,7
24/7 hvac,0,1,0%,7
a+ air conditioning and refrigeration 24/7 emergency service comparison,0,1,0%,7
emergency heating repair in louisville ky,0,1,0%,7
how to find reliable quick furnace repair technician,0,1,0%,7
local hvac contractors that offer weekend appointments,0,1,0%,7
emergency furnace repair services winter,0,1,0%,8
24/7 furnace repair lincoln,0,1,0%,9
24/7 hvac support,0,1,0%,9
average cost of emergency hvac repair 2025 or 2026,0,1,0%,9
top rated emergency hvac repair companies,0,1,0%,9
24 hr furnace repair,0,1,0%,10
24/7 hvac emergency service that offers oil delivery,0,1,0%,10
ac repair hilltop co,0,1,0%,10
emergency hvac services 24/7,0,1,0%,10
emergency maintenance company,0,1,0%,10
first call hvac,0,1,0%,10
hvac repair near me 24/7,0,1,0%,10
who offers professional hvac service without pressure to replace my system?,0,1,0%,10
who provides 24/7 emergency furnace repair in winter,0,1,0%,10
24 hour air,0,1,0%,11
24 hours heating and cooling,0,1,0%,11
autohvac st. louis county missouri climate zone 4a,0,1,0%,11
emergency ac service olmos park,0,1,0%,11
emergency heating and air service,0,1,0%,11
endless quality and comfort,0,1,0%,11
how much does emergency hvac service cost in chicago area,0,1,0%,11
lakeview emergency ac service,0,1,0%,11
local heat pump service,0,1,0%,11
24/7 ac repair palm,0,1,0%,12
a+ air conditioning and refrigeration 24/7 emergency service,0,1,0%,12
emergency furnace replacement,0,1,0%,12
hvac 24/7,0,1,0%,12
24/7 hvac service near me,0,1,0%,13
call hvac,0,1,0%,13
central heating repair,0,1,0%,13
furnace repair sylvan park tn,0,1,0%,14
furnace replacements,0,1,0%,14
hvac providers with 24/7 emergency repair service,0,1,0%,14
"""tucson electric power""",0,1,0%,15
24 hours air conditioning service,0,1,0%,15
ac contractor walker landing,0,1,0%,15
ac service beverly chicago il,0,1,0%,15
"emergency air conditioner contractor 85032, emergency air conditioner 
contractor near me 85032",0,1,0%,15
furnace replacement near me,0,1,0%,15
local heat pump repair,0,1,0%,15
non-commissioned hvac technicians near phoenix for homeowners,0,1,0%,15
24 hour heating and air,0,1,0%,16
24-hour heating and air conditioning repair,0,1,0%,16
free home ac check near me,0,1,0%,16
rapid response hvac,0,1,0%,16
air conditioner repair 24 hours,0,1,0%,17
air conditioning emergency service,0,1,0%,17
emergency ac service price,0,1,0%,17
emergency hvac company,0,1,0%,17
emergency hvac rental,0,1,0%,17
gas furnace financing,0,1,0%,17
after-hours ac service,0,1,0%,18
emergency heating westpark,0,1,0%,18
emergency hvac near me,0,1,0%,18
gas furnace maintenance near me with warranty,0,1,0%,18
new construction cooling services,0,1,0%,18
ac repair tanglewood,0,1,0%,19
free hvac repair quote near me,0,1,0%,19
furnace cleaning near me,0,1,0%,19
gas heating repair near me,0,1,0%,19
24 hour hvac service near me,0,1,0%,20
air conditioner maintenance orleans,0,1,0%,20
emergency heating repair chestnut hill,0,1,0%,20
24 hour emergency hvac service,0,1,0%,21
"24 hour air conditioning repair, 24 hour air conditioning repair near me",0,1,0%,22
heating service near me,0,1,0%,22
cool pro heating and cooling,0,1,0%,23
air conditioning emergency service near me,0,1,0%,24
emergency hvac service sioux falls,0,1,0%,24
24/7 hvac company,0,1,0%,25
furnace repair fort harrison,0,1,0%,25
heating company,0,1,0%,25
orleans air conditioning service near me,0,1,0%,25
ac repair west tahoe park,0,1,0%,27
heating installation services,0,1,0%,28
"24 hour air conditioning service 85032, 24 hour air conditioning service 
near me 85032",0,1,0%,29
ac repair cost per hour chicago,0,1,0%,29
air conditioner installation orleans,0,1,0%,29
emergency ac repair indianapolis,0,1,0%,29
how to compare financing offers for hvac installation,0,1,0%,29
ac repair near me 24/7 portland,0,1,0%,30
furnace repair hilltop co,0,1,0%,30
air conditioner repair emergency,0,1,0%,31
emergency ac repair oakville,0,1,0%,31
hvac repair services,0,1,0%,31
hvac replacement texas,0,1,0%,31
+ac repair+business,0,1,0%,32
hvac company near me,0,1,0%,32
year-round hvac services,0,1,0%,32
24/7 emergency hvac service st. louis,0,1,0%,33
ac repair tierrasanta ca,0,1,0%,33
emergency heating repair program chicago,0,1,0%,33
emergency hvac services bridgeport ct,0,1,0%,33
emergency multi-family hvac repair,0,1,0%,33
orleans hvac company,0,1,0%,33
ac repair in virginia highland,0,1,0%,34
ac repair 24/7,0,1,0%,35
commercial emergency hvac service,0,1,0%,35
ductless mini split repair near me,0,1,0%,35
emergency ac service bridgeport ct,0,1,0%,35
24 hour air conditioning service near me 85032,0,1,0%,36
ac installation indianapolis,0,1,0%,36
emergency maintenance services in minneapolis mn,0,1,0%,36
furnace repair services,0,1,0%,36
gulshan motor works,0,1,0%,36
hvac wallingford wa,0,1,0%,36
commercial hvac emergency services,0,1,0%,37
virginia highland furnace repair,0,1,0%,37
emergency air conditioning company near me,0,1,0%,38
heating duct repair near me,0,1,0%,38
24 hour furnace service seattle,0,1,0%,39
druid hills ac repair,0,1,0%,39
furnace technician,0,1,0%,39
hvac in house financing,0,1,0%,39
virginia highland hvac repair,0,1,0%,39
ac repair cost per hour atlanta,0,1,0%,40
ignition proving failure,0,1,0%,40
24/7 air conditioning repair reno,0,1,0%,41
air conditioner repair near me,0,1,0%,41
furnace repair orleans,0,1,0%,41
quick furnace repair,0,1,0%,41
24 hour furnace repair seattle,0,1,0%,42
ac repair beverly chicago il,0,1,0%,42
air conditioning replacement albuquerque nm,0,1,0%,42
hvac emergency services,0,1,0%,42
local emergency ac repair in my area,0,1,0%,42
professional heating installation services new orleans la,0,1,0%,42
24/7 emergency hvac service university city,0,1,0%,43
emergency ac repair syracuse,0,1,0%,43
pepcal heating & air llc,0,1,0%,43
professional cool,0,1,0%,43
professional heating new orleans la,0,1,0%,43
24 hour heater services 63126,0,1,0%,44
emergency heating seattle,0,1,0%,44
emergency hvac service bridgeport,0,1,0%,44
"""sacramento municipal utility district""",0,1,0%,45
ac replacement roxborough,0,1,0%,45
cheap heating and air conditioning repair,0,1,0%,45
emergency furnace install westpark oh,0,1,0%,45
"affordable hvac technician french quarter, new orleans, la;",0,1,0%,46
emergency hvac service louisville,0,1,0%,46
heat pump repair roxborough,0,1,0%,46
hvac emergency repair louisville,0,1,0%,46
virginia highland hvac services,0,1,0%,46
24/7 hvac answering service,0,1,0%,47
air conditioning inspection philadelphia,0,1,0%,47
emergency commercial hvac 55426,0,1,0%,47
furnace repair newcastle,0,1,0%,47
furnace replacement philadelphia,0,1,0%,47
affordable hvac replacement,0,1,0%,48
carrier hvac financing,0,1,0%,48
emergency hvac service portland,0,1,0%,48
heating and cooling contractors in new orleans louisiana,0,1,0%,48
columbus hvac free estimate,0,1,0%,49
emergency heating repair syracuse ny,0,1,0%,49
furnace replacement sioux falls,0,1,0%,49
heating repair chicago il,0,1,0%,49
service call for hvac,0,1,0%,49
24 hour hvac new orleans la,0,1,0%,50
emergency furnace service baltimore md,0,1,0%,50
free hvac repair estimates near me,0,1,0%,50
home heating professional,0,1,0%,50
hvac contractor louisiana,0,1,0%,50
pepcal heating &amp; air llc,0,1,0%,50
trane heating and cooling repair near me,0,1,0%,50
on call hvac,0,1,0%,51
air conditioning repair orleans,0,1,0%,52
heater repair roxborough,0,1,0%,52
hvac emergency service no extra charge,0,1,0%,52
same day furnace installation,0,1,0%,52
ac repair free service call,0,1,0%,53
hvac cheyenne,0,1,0%,53
hvac repair roxborough,0,1,0%,53
licensed insured hvac maryland,0,1,0%,53
furnace service philadelphia,0,1,0%,54
hvac bangor maine,0,1,0%,54
ac repair 24 hrs,0,1,0%,56
ac repair near me free estimate louisville,0,1,0%,56
ac repairs new orleans la,0,1,0%,56
ac unit repair greenville sc,0,1,0%,56
furnace maintenance lincoln,0,1,0%,56
furnace repair catalina foothills,0,1,0%,56
northern liberties heating & air conditioning llc,0,1,0%,56
ac financing options,0,1,0%,57
heatcool service co,0,1,0%,57
24 hour hvac toledo,0,1,0%,58
24 hour service pros,0,1,0%,58